{
    "latent_dim": 20,
    "beta": 4.725030215170999,
    "learning_rate": 0.0007252634381091751,
    "batch_size": 32
}