{
    "latent_dim": 5,
    "beta": 5.050561431823933,
    "learning_rate": 0.000805687447285926,
    "batch_size": 32
}