{
    "latent_dim": 20,
    "beta": 9.580590843212875,
    "learning_rate": 0.0009313450742597483,
    "batch_size": 32
}