{
    "latent_dim": 10,
    "beta": 1.4064599493531174,
    "learning_rate": 0.00106269339296489,
    "batch_size": 32
}