{
    "latent_dim": 25,
    "beta": 1.0157061697875815,
    "learning_rate": 0.0005810906913452941,
    "batch_size": 32
}