{
    "latent_dim": 20,
    "beta": 9.458404102626588,
    "learning_rate": 0.0005427155329889096,
    "batch_size": 32
}