{
    "latent_dim": 10,
    "beta": 1.0224803086748926,
    "learning_rate": 0.0008710560853305378,
    "batch_size": 32
}