{
    "latent_dim": 10,
    "beta": 8.68903365452902,
    "learning_rate": 0.000505931002092486,
    "batch_size": 32
}