{
    "latent_dim": 10,
    "beta": 6.724405345568894,
    "learning_rate": 0.0007710270300217803,
    "batch_size": 32
}